
INSERT INTO "PUBLIC"."REGION" VALUES ( 1, 'AS');
INSERT INTO "PUBLIC"."CONSTITUENCY" VALUES ( 1, 'Asturias',1 );
INSERT INTO "PUBLIC"."POLLING_PLACE" VALUES ( 1,1 );
INSERT INTO "PUBLIC"."CENSUS" VALUES (1,'sergio@gmail.com', 'Sergio', '9816446', 'sergio',1 );
INSERT INTO "PUBLIC"."CENSUS" VALUES (2,'marcelo@gmail.com', 'Marcelo', '156483', 'marcelo',1 );
INSERT INTO "PUBLIC"."CENSUS" VALUES (3,'javier@gmail.com', 'Javier', '156483', 'Javier',1 );


INSERT INTO ELECTION VALUES('Referendum',1,'2016-04-14 23:43:43.176000','Votar','Independencia Cataluña',2,'2016-04-12 23:43:43.176000','Question');
INSERT INTO ELECTION VALUES('Referendum',2,'2016-04-17 23:43:43.176000','Votar','Independencia Escocia',2,'2016-04-17 23:43:43.176000','Question');
INSERT INTO ELECTION VALUES('ClosedList',3,'2016-04-20 23:43:43.176000','Votar','Elecciones Generales 2016',3,'2016-04-20 23:43:43.176000','Question');
INSERT INTO ELECTION VALUES('ClosedList',4,'2015-04-14 23:43:43.176000','Votar','Elecciones Generales 2015',3,'2015-04-15 23:43:43.176000','Question');


INSERT INTO "PUBLIC"."VOTES_REFERENDUM"( "ID", "NUM_VOTES", "READY_TO_RECOUNT","ELECTION_ID", "POLLING_PLACE_ID", "NOES", "YESES" ) VALUES (1 ,3,1 ,1 ,1 ,2 ,1 );
INSERT INTO "PUBLIC"."VOTES_REFERENDUM"( "ID", "NUM_VOTES", "READY_TO_RECOUNT","ELECTION_ID", "POLLING_PLACE_ID", "NOES", "YESES" ) VALUES (2 ,3,0 ,2 ,1 ,3 ,0 );

INSERT INTO "PUBLIC"."TURNOUT" ( "ELECTION_ID", "VOTER_ID" ) VALUES ( 1,1 );
INSERT INTO "PUBLIC"."TURNOUT" ( "ELECTION_ID", "VOTER_ID" ) VALUES ( 1,2 );
INSERT INTO "PUBLIC"."TURNOUT" ( "ELECTION_ID", "VOTER_ID" ) VALUES ( 1,3);


INSERT INTO "PUBLIC"."TURNOUT" ( "ELECTION_ID", "VOTER_ID" ) VALUES ( 2,1 );
INSERT INTO "PUBLIC"."TURNOUT" ( "ELECTION_ID", "VOTER_ID" ) VALUES ( 2,2 );
INSERT INTO "PUBLIC"."TURNOUT" ( "ELECTION_ID", "VOTER_ID" ) VALUES ( 2,3);

INSERT INTO "PUBLIC"."CANDIDATURE" ( "ID", "DESCRIPTION", "INITIAL", "NAME" )VALUES ( 1, '', '', 'Partido Popular');
INSERT INTO "PUBLIC"."CANDIDATURE" ( "ID", "DESCRIPTION", "INITIAL", "NAME" )VALUES ( 2, '', '', 'Podemos');
INSERT INTO "PUBLIC"."CANDIDATURE" ( "ID", "DESCRIPTION", "INITIAL", "NAME" )VALUES ( 3, '', '', 'Ciudadanos');
INSERT INTO "PUBLIC"."CANDIDATURE" ( "ID", "DESCRIPTION", "INITIAL", "NAME" )VALUES ( 4, '', '', 'PSOE');

INSERT INTO "PUBLIC"."CANDIDATURE_ELECTIONS" ( "CANDIDATURES_ID", "ELECTIONS_ID" ) VALUES (1,3);
INSERT INTO "PUBLIC"."CANDIDATURE_ELECTIONS" ( "CANDIDATURES_ID", "ELECTIONS_ID" ) VALUES (2,3);
INSERT INTO "PUBLIC"."CANDIDATURE_ELECTIONS" ( "CANDIDATURES_ID", "ELECTIONS_ID" ) VALUES (3,3);

INSERT INTO "PUBLIC"."CANDIDATURE_ELECTIONS" ( "CANDIDATURES_ID", "ELECTIONS_ID" ) VALUES (1,4);
INSERT INTO "PUBLIC"."CANDIDATURE_ELECTIONS" ( "CANDIDATURES_ID", "ELECTIONS_ID" ) VALUES (2,4);
INSERT INTO "PUBLIC"."CANDIDATURE_ELECTIONS" ( "CANDIDATURES_ID", "ELECTIONS_ID" ) VALUES (3,4);

INSERT INTO "PUBLIC"."VOTES_CLOSED_LIST" ( "ID", "NUM_VOTES", "READY_TO_RECOUNT", "ELECTION_ID", "POLLING_PLACE_ID", "CANDIDATURE_ID" ) VALUES ( 3, 3,1,3 ,1 , 1);
INSERT INTO "PUBLIC"."VOTES_CLOSED_LIST" ( "ID", "NUM_VOTES", "READY_TO_RECOUNT","ELECTION_ID", "POLLING_PLACE_ID", "CANDIDATURE_ID" ) VALUES ( 4, 2,1,3 ,1 , 2);
INSERT INTO "PUBLIC"."VOTES_CLOSED_LIST" ( "ID", "NUM_VOTES", "READY_TO_RECOUNT","ELECTION_ID", "POLLING_PLACE_ID", "CANDIDATURE_ID" ) VALUES ( 5, 4,1,3 ,1 , 3);

INSERT INTO "PUBLIC"."VOTES_CLOSED_LIST" ( "ID", "NUM_VOTES", "READY_TO_RECOUNT","ELECTION_ID", "POLLING_PLACE_ID", "CANDIDATURE_ID" ) VALUES ( 6, 4,1,4 ,1 , 1);
INSERT INTO "PUBLIC"."VOTES_CLOSED_LIST" ( "ID", "NUM_VOTES", "READY_TO_RECOUNT","ELECTION_ID", "POLLING_PLACE_ID", "CANDIDATURE_ID" ) VALUES ( 7, 8,1,4 ,1 , 2);
INSERT INTO "PUBLIC"."VOTES_CLOSED_LIST" ( "ID", "NUM_VOTES", "READY_TO_RECOUNT","ELECTION_ID", "POLLING_PLACE_ID", "CANDIDATURE_ID" ) VALUES ( 8, 5,1,4 ,1 , 3);
INSERT INTO "PUBLIC"."VOTES_CLOSED_LIST" ( "ID", "NUM_VOTES", "READY_TO_RECOUNT","ELECTION_ID", "POLLING_PLACE_ID", "CANDIDATURE_ID" ) VALUES ( 9, 10,1,4 ,1 , 4);

/*Falta añadir usuario a la tabla turnout y añadir mas votantes*/ 

INSERT INTO "PUBLIC"."CANDIDATE" ( "ID", "DNI", "NAME", "SURNAME", "CANDIDATURE_ID" ) VALUES ( 1, '645675', 'Pedro', 'Fernandez',1);
INSERT INTO "PUBLIC"."CANDIDATE" ( "ID", "DNI", "NAME", "SURNAME", "CANDIDATURE_ID" ) VALUES ( 2, '945675', 'Javier', 'Quintana',2);
INSERT INTO "PUBLIC"."CANDIDATE" ( "ID", "DNI", "NAME", "SURNAME", "CANDIDATURE_ID" ) VALUES ( 3, '845675', 'Chema', 'Villa',3);
INSERT INTO "PUBLIC"."CANDIDATE" ( "ID", "DNI", "NAME", "SURNAME", "CANDIDATURE_ID" ) VALUES ( 4, '345675', 'Pablo', 'Ronaldo',4);

INSERT INTO ELECTION VALUES('OpenList',5,'2014-04-14 23:43:43.176000','Votar','Elecciones Rector Uniovi',3,'2014-04-15 23:43:43.176000','Question');

INSERT INTO "PUBLIC"."CANDIDATE_ELECTIONS" ( "CANDIDATES_ID", "ELECTIONS_ID" ) VALUES (1,5);
INSERT INTO "PUBLIC"."CANDIDATE_ELECTIONS" ( "CANDIDATES_ID", "ELECTIONS_ID" ) VALUES (2,5);
INSERT INTO "PUBLIC"."CANDIDATE_ELECTIONS" ( "CANDIDATES_ID", "ELECTIONS_ID" ) VALUES (3,5);
INSERT INTO "PUBLIC"."CANDIDATE_ELECTIONS" ( "CANDIDATES_ID", "ELECTIONS_ID" ) VALUES (4,5);

INSERT INTO "PUBLIC"."VOTES_OPEN_LIST" ( "ID", "NUM_VOTES", "READY_TO_RECOUNT","ELECTION_ID", "POLLING_PLACE_ID", "CANDIDATE_ID" ) VALUES (10, 10,1,5 , 1, 1);
INSERT INTO "PUBLIC"."VOTES_OPEN_LIST" ( "ID", "NUM_VOTES", "READY_TO_RECOUNT","ELECTION_ID", "POLLING_PLACE_ID", "CANDIDATE_ID" ) VALUES (11, 7,1,5 , 1, 2);
INSERT INTO "PUBLIC"."VOTES_OPEN_LIST" ( "ID", "NUM_VOTES", "READY_TO_RECOUNT","ELECTION_ID", "POLLING_PLACE_ID", "CANDIDATE_ID" ) VALUES (12, 20,1,5 , 1, 3);
INSERT INTO "PUBLIC"."VOTES_OPEN_LIST" ( "ID", "NUM_VOTES", "READY_TO_RECOUNT","ELECTION_ID", "POLLING_PLACE_ID", "CANDIDATE_ID" ) VALUES (13, 30,1,5 , 1, 4);


INSERT INTO "PUBLIC"."USER" ( "ID", "EMAIL", "PASSWORD" ) VALUES ( 1, 'junta', 'junta');