
INSERT INTO "PUBLIC"."REGION" VALUES ( 100, 'AS');
INSERT INTO "PUBLIC"."CONSTITUENCY" VALUES ( 100, 'Asturias',100 );
INSERT INTO "PUBLIC"."POLLING_PLACE" VALUES ( 100,100 );
INSERT INTO "PUBLIC"."CENSUS" VALUES (100,'sergio@gmail.com', 'Sergio', '9816446', 'sergio',100 );
INSERT INTO "PUBLIC"."CENSUS" VALUES (200,'marcelo@gmail.com', 'Marcelo', '156483', 'marcelo',100);
INSERT INTO "PUBLIC"."CENSUS" VALUES (300,'javier@gmail.com', 'Javier', '156483', 'Javier',100 );


INSERT INTO ELECTION VALUES('Referendum',100,'2016-04-14 23:43:43.176000','Votar','Independencia Cataluña',2,'2016-04-12 23:43:43.176000','Question');
INSERT INTO ELECTION VALUES('Referendum',200,'2016-04-17 23:43:43.176000','Votar','Independencia Escocia',2,'2016-04-17 23:43:43.176000','Question');
INSERT INTO ELECTION VALUES('ClosedList',300,'2016-04-20 23:43:43.176000','Votar','Elecciones Generales 2016',3,'2016-04-20 23:43:43.176000','Question');
INSERT INTO ELECTION VALUES('ClosedList',400,'2015-04-14 23:43:43.176000','Votar','Elecciones Generales 2015',3,'2015-04-15 23:43:43.176000','Question');


INSERT INTO "PUBLIC"."VOTES_REFERENDUM"( "ID", "NUM_VOTES", "READY_TO_RECOUNT","ELECTION_ID", "POLLING_PLACE_ID", "NOES", "YESES" ) VALUES (100 ,3,1 ,100 ,100 ,2 ,1 );
INSERT INTO "PUBLIC"."VOTES_REFERENDUM"( "ID", "NUM_VOTES", "READY_TO_RECOUNT","ELECTION_ID", "POLLING_PLACE_ID", "NOES", "YESES" ) VALUES (200 ,3,0 ,200 ,100 ,3 ,0 );

INSERT INTO "PUBLIC"."TURNOUT" ( "ELECTION_ID", "VOTER_ID" ) VALUES ( 100,100 );
INSERT INTO "PUBLIC"."TURNOUT" ( "ELECTION_ID", "VOTER_ID" ) VALUES ( 100,200 );
INSERT INTO "PUBLIC"."TURNOUT" ( "ELECTION_ID", "VOTER_ID" ) VALUES ( 100,300);


INSERT INTO "PUBLIC"."TURNOUT" ( "ELECTION_ID", "VOTER_ID" ) VALUES ( 200,100 );
INSERT INTO "PUBLIC"."TURNOUT" ( "ELECTION_ID", "VOTER_ID" ) VALUES ( 200,200 );
INSERT INTO "PUBLIC"."TURNOUT" ( "ELECTION_ID", "VOTER_ID" ) VALUES ( 200,300);

INSERT INTO "PUBLIC"."CANDIDATURE" ( "ID", "DESCRIPTION", "INITIAL", "NAME" )VALUES ( 100, '', '', 'Partido Popular');
INSERT INTO "PUBLIC"."CANDIDATURE" ( "ID", "DESCRIPTION", "INITIAL", "NAME" )VALUES ( 200, '', '', 'Podemos');
INSERT INTO "PUBLIC"."CANDIDATURE" ( "ID", "DESCRIPTION", "INITIAL", "NAME" )VALUES ( 300, '', '', 'Ciudadanos');
INSERT INTO "PUBLIC"."CANDIDATURE" ( "ID", "DESCRIPTION", "INITIAL", "NAME" )VALUES ( 400, '', '', 'PSOE');

INSERT INTO "PUBLIC"."CANDIDATURE_ELECTIONS" ( "CANDIDATURES_ID", "ELECTIONS_ID" ) VALUES (100,300);
INSERT INTO "PUBLIC"."CANDIDATURE_ELECTIONS" ( "CANDIDATURES_ID", "ELECTIONS_ID" ) VALUES (200,300);
INSERT INTO "PUBLIC"."CANDIDATURE_ELECTIONS" ( "CANDIDATURES_ID", "ELECTIONS_ID" ) VALUES (300,300);

INSERT INTO "PUBLIC"."CANDIDATURE_ELECTIONS" ( "CANDIDATURES_ID", "ELECTIONS_ID" ) VALUES (100,400);
INSERT INTO "PUBLIC"."CANDIDATURE_ELECTIONS" ( "CANDIDATURES_ID", "ELECTIONS_ID" ) VALUES (200,400);
INSERT INTO "PUBLIC"."CANDIDATURE_ELECTIONS" ( "CANDIDATURES_ID", "ELECTIONS_ID" ) VALUES (300,400);

INSERT INTO "PUBLIC"."VOTES_CLOSED_LIST" ( "ID", "NUM_VOTES", "READY_TO_RECOUNT", "ELECTION_ID", "POLLING_PLACE_ID", "CANDIDATURE_ID" ) VALUES ( 3, 3,1,300 ,100 , 100);
INSERT INTO "PUBLIC"."VOTES_CLOSED_LIST" ( "ID", "NUM_VOTES", "READY_TO_RECOUNT","ELECTION_ID", "POLLING_PLACE_ID", "CANDIDATURE_ID" ) VALUES ( 4, 2,1,300 ,100 , 200);
INSERT INTO "PUBLIC"."VOTES_CLOSED_LIST" ( "ID", "NUM_VOTES", "READY_TO_RECOUNT","ELECTION_ID", "POLLING_PLACE_ID", "CANDIDATURE_ID" ) VALUES ( 5, 4,1,300 ,100 , 300);

INSERT INTO "PUBLIC"."VOTES_CLOSED_LIST" ( "ID", "NUM_VOTES", "READY_TO_RECOUNT","ELECTION_ID", "POLLING_PLACE_ID", "CANDIDATURE_ID" ) VALUES ( 6, 4,1,400 ,100 , 100);
INSERT INTO "PUBLIC"."VOTES_CLOSED_LIST" ( "ID", "NUM_VOTES", "READY_TO_RECOUNT","ELECTION_ID", "POLLING_PLACE_ID", "CANDIDATURE_ID" ) VALUES ( 7, 8,1,400 ,100 , 200);
INSERT INTO "PUBLIC"."VOTES_CLOSED_LIST" ( "ID", "NUM_VOTES", "READY_TO_RECOUNT","ELECTION_ID", "POLLING_PLACE_ID", "CANDIDATURE_ID" ) VALUES ( 8, 5,1,400 ,100 , 300);
INSERT INTO "PUBLIC"."VOTES_CLOSED_LIST" ( "ID", "NUM_VOTES", "READY_TO_RECOUNT","ELECTION_ID", "POLLING_PLACE_ID", "CANDIDATURE_ID" ) VALUES ( 9, 10,1,400 ,100 , 4000);

/*Falta añadir usuario a la tabla turnout y añadir mas votantes*/ 

INSERT INTO "PUBLIC"."CANDIDATE" ( "ID", "DNI", "NAME", "SURNAME", "CANDIDATURE_ID" ) VALUES ( 100, '645675', 'Pedro', 'Fernandez',100);
INSERT INTO "PUBLIC"."CANDIDATE" ( "ID", "DNI", "NAME", "SURNAME", "CANDIDATURE_ID" ) VALUES ( 200, '945675', 'Javier', 'Quintana',200);
INSERT INTO "PUBLIC"."CANDIDATE" ( "ID", "DNI", "NAME", "SURNAME", "CANDIDATURE_ID" ) VALUES ( 300, '845675', 'Chema', 'Villa',300);
INSERT INTO "PUBLIC"."CANDIDATE" ( "ID", "DNI", "NAME", "SURNAME", "CANDIDATURE_ID" ) VALUES ( 400, '345675', 'Pablo', 'Ronaldo',400);

INSERT INTO ELECTION VALUES('OpenList',500,'2014-04-14 23:43:43.176000','Votar','Elecciones Rector Uniovi',3,'2014-04-15 23:43:43.176000','Question');

INSERT INTO "PUBLIC"."CANDIDATE_ELECTIONS" ( "CANDIDATES_ID", "ELECTIONS_ID" ) VALUES (100,500);
INSERT INTO "PUBLIC"."CANDIDATE_ELECTIONS" ( "CANDIDATES_ID", "ELECTIONS_ID" ) VALUES (200,500);
INSERT INTO "PUBLIC"."CANDIDATE_ELECTIONS" ( "CANDIDATES_ID", "ELECTIONS_ID" ) VALUES (300,500);
INSERT INTO "PUBLIC"."CANDIDATE_ELECTIONS" ( "CANDIDATES_ID", "ELECTIONS_ID" ) VALUES (400,500);

INSERT INTO "PUBLIC"."VOTES_OPEN_LIST" ( "ID", "NUM_VOTES", "READY_TO_RECOUNT","ELECTION_ID", "POLLING_PLACE_ID", "CANDIDATE_ID" ) VALUES (100, 10,1,500 , 100, 1);
INSERT INTO "PUBLIC"."VOTES_OPEN_LIST" ( "ID", "NUM_VOTES", "READY_TO_RECOUNT","ELECTION_ID", "POLLING_PLACE_ID", "CANDIDATE_ID" ) VALUES (110, 7,1,500 , 100, 2);
INSERT INTO "PUBLIC"."VOTES_OPEN_LIST" ( "ID", "NUM_VOTES", "READY_TO_RECOUNT","ELECTION_ID", "POLLING_PLACE_ID", "CANDIDATE_ID" ) VALUES (120, 20,1,500 , 100, 3);
INSERT INTO "PUBLIC"."VOTES_OPEN_LIST" ( "ID", "NUM_VOTES", "READY_TO_RECOUNT","ELECTION_ID", "POLLING_PLACE_ID", "CANDIDATE_ID" ) VALUES (130, 30,1,500 , 100, 4);


INSERT INTO "PUBLIC"."USER" ( "ID", "EMAIL", "PASSWORD" ) VALUES ( 1, 'junta', 'junta');